INSERT INTO TYPES(ID, NAME) VALUES(1,'CD');
INSERT INTO TYPES(ID, NAME) VALUES(2,'DVD');
INSERT INTO TYPES(ID, NAME) VALUES(3,'BluRay');
INSERT INTO TYPES(ID, NAME) VALUES(4,'Vinyl');

INSERT INTO GENRES(ID, NAME) VALUES(1,'Rock');
INSERT INTO GENRES(ID, NAME) VALUES(2,'Power Metal');
INSERT INTO GENRES(NAME, ID) VALUES('Indie Rock',3);
INSERT INTO GENRES(ID, NAME) VALUES(4,'Rap');
INSERT INTO GENRES(ID, NAME) VALUES(5,'Hard Rock');
INSERT INTO GENRES(ID, NAME) VALUES(6,'Hip-hop');
INSERT INTO GENRES(ID, NAME) VALUES(7,'Pop');
INSERT INTO GENRES(ID, NAME) VALUES(8,'Latin trap');
INSERT INTO GENRES(ID, NAME) VALUES(9,'Thrash metal');
INSERT INTO GENRES(ID, NAME) VALUES(10,'Alternative');
INSERT INTO GENRES(ID, NAME) VALUES(11,'Alternative rock');
INSERT INTO GENRES(ID, NAME) VALUES(12,'Progressive rock');
INSERT INTO GENRES(ID, NAME) VALUES(13,'Indie pop');
INSERT INTO GENRES(ID, NAME) VALUES(14,'Metalcore');
INSERT INTO GENRES(ID, NAME) VALUES(15,'Electropop');
INSERT INTO GENRES(ID, NAME) VALUES(16,'House');

INSERT INTO LANGUAGES(ID, NAME) VALUES(1,'English');
INSERT INTO LANGUAGES(ID, NAME) VALUES(2,'Italian');
INSERT INTO LANGUAGES(NAME, ID) VALUES('Polish',3);
INSERT INTO LANGUAGES(ID, NAME) VALUES(4,'German');
INSERT INTO LANGUAGES(ID, NAME) VALUES(5,'Spanish');
INSERT INTO LANGUAGES(ID, NAME) VALUES(6, 'Latin');
INSERT INTO LANGUAGES(ID, NAME) VALUES(7, 'Japanese');

INSERT INTO LABELS(ID, NAME) VALUES(1,'Warner Bros.');
INSERT INTO LABELS(ID, NAME) VALUES(2,'Limb Music');
INSERT INTO LABELS(NAME, ID) VALUES('Interscope',3);
INSERT INTO LABELS(ID, NAME) VALUES(4,'Columbia Records');
INSERT INTO LABELS(ID, NAME) VALUES(5,'Rimas Entertainment');
INSERT INTO LABELS(ID, NAME) VALUES(6,'Fueled by Ramen');
INSERT INTO LABELS(ID, NAME) VALUES(7,'Megaforce Records');
INSERT INTO LABELS(ID, NAME) VALUES(8,'WM Poland - WMI');
INSERT INTO LABELS(ID, NAME) VALUES(9,'Domino');
INSERT INTO LABELS(ID, NAME) VALUES(10,'Motor Music');
INSERT INTO LABELS(ID, NAME) VALUES(11,'Harvest');
INSERT INTO LABELS(ID, NAME) VALUES(12,'Visible Noise');
INSERT INTO LABELS(ID, NAME) VALUES(13,'Machine shop');
INSERT INTO LABELS(ID, NAME) VALUES(14,'Reprise');
INSERT INTO LABELS(ID, NAME) VALUES(15,'Atlantic Records');
INSERT INTO LABELS(ID, NAME) VALUES(16,'A&M Records');
INSERT INTO LABELS(ID, NAME) VALUES(17,'Virgin Records');

INSERT INTO ROLES(ID, NAME) VALUES(1,'Vocals');
INSERT INTO ROLES(ID, NAME) VALUES(2,'Lead guitar');
INSERT INTO ROLES(ID, NAME) VALUES(3,'Rhythm guitar');
INSERT INTO ROLES(ID, NAME) VALUES(4,'Bass guitar');
INSERT INTO ROLES(ID, NAME) VALUES(5,'Drums');
INSERT INTO ROLES(ID, NAME) VALUES(6,'Keyboard');
INSERT INTO ROLES(ID, NAME) VALUES(7,'Recorder');
INSERT INTO ROLES(ID, NAME) VALUES(8,'Triangle');
INSERT INTO ROLES(ID, NAME) VALUES(9,'Violin');
INSERT INTO ROLES(ID, NAME) VALUES(10,'Cello');
INSERT INTO ROLES(ID, NAME) VALUES(11,'Saxophone');
INSERT INTO ROLES(ID, NAME) VALUES(12,'Classical guitar');
INSERT INTO ROLES(ID, NAME) VALUES(13,'DJ');
INSERT INTO ROLES(ID, NAME) VALUES(14,'Electric guitar');
INSERT INTO ROLES(ID, NAME) VALUES(15,'Hammond organ');
INSERT INTO ROLES(ID, NAME) VALUES(16,'Piano');
--INSERT INTO ROLES(ID, NAME) VALUES(17,'');
INSERT INTO ROLES(ID, NAME) VALUES(18,'Backing vocals');

INSERT INTO BANDS(ID, NAME) VALUES(1,'Arctic Monkeys');
INSERT INTO BANDS(ID, NAME) VALUES(2,'Rhapsody of Fire');
INSERT INTO BANDS(NAME, ID) VALUES('Imagine Dragons',3);
INSERT INTO BANDS(ID, NAME) VALUES(4,'Red Hot Chilli Peppers');
INSERT INTO BANDS(ID, NAME) VALUES(5,'Pink Floyd');
INSERT INTO BANDS(ID, NAME) VALUES(6,'Rammstein');
INSERT INTO BANDS(ID, NAME) VALUES(7,'The Neighbourhood');
INSERT INTO BANDS(ID, NAME) VALUES(8,'Panic!At The Disco');
INSERT INTO BANDS(ID, NAME) VALUES(9,'The Dumplings');
INSERT INTO BANDS(ID, NAME) VALUES(10,'Metallica');
INSERT INTO BANDS(ID, NAME) VALUES(11,'Foster the People');
INSERT INTO BANDS(ID, NAME) VALUES(12,'Bring Me The Horizon');
INSERT INTO BANDS(ID, NAME) VALUES(13,'Linkin Park');
INSERT INTO BANDS(ID, NAME) VALUES(14,'My Chemical Romance');
INSERT INTO BANDS(ID, NAME) VALUES(15,'Clean Bandit');
INSERT INTO BANDS(ID, NAME) VALUES(16,'The Police');
INSERT INTO BANDS(ID, NAME) VALUES(17,'Daft Punk');

INSERT INTO ARTISTS(ID, NAME,ID_ROLES) VALUES(1,'Alex Turner',1);
INSERT INTO ARTISTS(ID, NAME,ID_ROLES) VALUES(2, 'Fabio Lione',1);
INSERT INTO ARTISTS(ID, NAME,ID_ROLES) VALUES(3,'Luca Turilli',2);
INSERT INTO ARTISTS(ID, NAME,ID_ROLES) VALUES(4,'Alex Staropoli',6);
INSERT INTO ARTISTS(ID, NAME,ID_ROLES) VALUES(5,'Herbie Langhans',1);
INSERT INTO ARTISTS(ID, NAME,ID_ROLES) VALUES(6,'Cinzia Rinno',1);
INSERT INTO ARTISTS(ID, NAME,ID_ROLES) VALUES(7,'Robert Hunecke-Rizzo',4);
INSERT INTO ARTISTS(ID, NAME,ID_ROLES) VALUES(8,'Oliver Hartmann',1);
INSERT INTO ARTISTS(ID, NAME,ID_ROLES) VALUES(9,'Michael Rodenberg',6);
INSERT INTO ARTISTS(ID, NAME,ID_ROLES) VALUES(10,'Bridget Fogle',1);
INSERT INTO ARTISTS(ID, NAME,ID_ROLES) VALUES(11,'Previn Moore',1);
INSERT INTO ARTISTS(ID, NAME,ID_ROLES) VALUES(12,'Manuel Staropoli',7);
INSERT INTO ARTISTS(ID, NAME,ID_ROLES) VALUES(13,'Dana Lurie',9);
INSERT INTO ARTISTS(ID, NAME,ID_ROLES) VALUES(14,'Sacha Paet',4);
INSERT INTO ARTISTS(ID, NAME,ID_ROLES) VALUES(15,'Johannes Monno',12);
INSERT INTO ARTISTS(ID, NAME,ID_ROLES) VALUES(16,'Dan Reynolds',1);
INSERT INTO ARTISTS(ID, NAME,ID_ROLES) VALUES(17,'Taco Hemingway',1);
INSERT INTO ARTISTS(ID, NAME,ID_ROLES) VALUES(18,'Donguralesko',1);
INSERT INTO ARTISTS(ID, NAME,ID_ROLES) VALUES(19,'Jesse Rutherford',1);
INSERT INTO ARTISTS(ID, NAME,ID_ROLES) VALUES(20,'Szmitek',13);
INSERT INTO ARTISTS(ID, NAME,ID_ROLES) VALUES(21,'Bad Bunny',1);
INSERT INTO ARTISTS(ID, NAME,ID_ROLES) VALUES(22,'Brendon Urie',1);
INSERT INTO ARTISTS(ID, NAME,ID_ROLES) VALUES(23,'Jakub Karaś',6);
INSERT INTO ARTISTS(ID, NAME,ID_ROLES) VALUES(24,'Justyna Święs',1);
INSERT INTO ARTISTS(ID, NAME,ID_ROLES) VALUES(25,'Jamie Robert Cook',3);
INSERT INTO ARTISTS(ID, NAME,ID_ROLES) VALUES(26,'Andy Nicholson',4);
INSERT INTO ARTISTS(ID, NAME,ID_ROLES) VALUES(27,'Matthew Helders',5);
INSERT INTO ARTISTS(ID, NAME,ID_ROLES) VALUES(28,'Clifford Lee Burton',4);
INSERT INTO ARTISTS(ID, NAME,ID_ROLES) VALUES(29,'Lars Ulrich',5);
INSERT INTO ARTISTS(ID, NAME,ID_ROLES) VALUES(30,'James Alan Hatfield',1);
INSERT INTO ARTISTS(ID, NAME,ID_ROLES) VALUES(31,'Kirk Lee Hammet',2);
INSERT INTO ARTISTS(ID, NAME,ID_ROLES) VALUES(32,'David Dave Scott Mustaine',2);
INSERT INTO ARTISTS(ID, NAME,ID_ROLES) VALUES(33,'Dawid Podsiadło',1);
INSERT INTO ARTISTS(ID, NAME,ID_ROLES) VALUES(34,'Scahfter',1);
INSERT INTO ARTISTS(ID, NAME,ID_ROLES) VALUES(35,'Pezet',1);
INSERT INTO ARTISTS(ID, NAME,ID_ROLES) VALUES(36,'Ben McKee',4);
INSERT INTO ARTISTS(ID, NAME,ID_ROLES) VALUES(37,'Daniel Platzman',5);
INSERT INTO ARTISTS(ID, NAME,ID_ROLES) VALUES(38,'Daniel Wayne Sermon',2);
INSERT INTO ARTISTS(ID, NAME,ID_ROLES) VALUES(39,'Anthony Kiedis',1);
INSERT INTO ARTISTS(ID, NAME,ID_ROLES) VALUES(40,'John Frusciante',2);
INSERT INTO ARTISTS(ID, NAME,ID_ROLES) VALUES(41,'Michael Peter Balzary',4);
INSERT INTO ARTISTS(ID, NAME,ID_ROLES) VALUES(42,'Chad Smith',5);
INSERT INTO ARTISTS(ID, NAME,ID_ROLES) VALUES(43,'Greg Kurstin',6);
INSERT INTO ARTISTS(ID, NAME,ID_ROLES) VALUES(44,'Till Lindemann',1);
INSERT INTO ARTISTS(ID, NAME,ID_ROLES) VALUES(45,'Richard Kruspe', 14);
INSERT INTO ARTISTS(ID, NAME,ID_ROLES) VALUES(46,'Paul Landers',14);
INSERT INTO ARTISTS(ID, NAME,ID_ROLES) VALUES(47,'Oliver Riedel',4);
INSERT INTO ARTISTS(ID, NAME,ID_ROLES) VALUES(48,'Christoph Schneider',5);
INSERT INTO ARTISTS(ID, NAME,ID_ROLES) VALUES(49,'Christian Lorenz',6);
INSERT INTO ARTISTS(ID, NAME,ID_ROLES) VALUES(50,'David Gilmour',1);
INSERT INTO ARTISTS(ID, NAME,ID_ROLES) VALUES(51,'Roger Waters',1);
INSERT INTO ARTISTS(ID, NAME,ID_ROLES) VALUES(52,'Nich Mason',5);
INSERT INTO ARTISTS(ID, NAME,ID_ROLES) VALUES(53,'Richard Wright',15);
INSERT INTO ARTISTS(ID, NAME,ID_ROLES) VALUES(54,'Mark Foster',1);
INSERT INTO ARTISTS(ID, NAME,ID_ROLES) VALUES(55,'Mark Pontius',5);
INSERT INTO ARTISTS(ID, NAME,ID_ROLES) VALUES(56,'Sean Cimino',3);
INSERT INTO ARTISTS(ID, NAME,ID_ROLES) VALUES(57,'Isom Imnis',16);
INSERT INTO ARTISTS(ID, NAME,ID_ROLES) VALUES(58,'Oliver Sykes',1);
INSERT INTO ARTISTS(ID, NAME,ID_ROLES) VALUES(59,'Lee Malia', 2);
INSERT INTO ARTISTS(ID, NAME,ID_ROLES) VALUES(60,'Curtis Ward',3);
INSERT INTO ARTISTS(ID, NAME,ID_ROLES) VALUES(61,'Matt Kean',4);
INSERT INTO ARTISTS(ID, NAME,ID_ROLES) VALUES(62,'Matt Nicholls',5);
INSERT INTO ARTISTS(ID, NAME,ID_ROLES) VALUES(63,'Chester Bennington',1);
INSERT INTO ARTISTS(ID, NAME,ID_ROLES) VALUES(64,'Rob Bourdon',5);
INSERT INTO ARTISTS(ID, NAME,ID_ROLES) VALUES(65,'Brad Delson',12);
INSERT INTO ARTISTS(ID, NAME,ID_ROLES) VALUES(66,'Dave Farrell',4);
INSERT INTO ARTISTS(ID, NAME,ID_ROLES) VALUES(67,'Joe Hahn',18);
INSERT INTO ARTISTS(ID, NAME,ID_ROLES) VALUES(68,'Mike Shinoda',6);
INSERT INTO ARTISTS(ID, NAME,ID_ROLES) VALUES(69,'MARINA',1);
INSERT INTO ARTISTS(ID, NAME,ID_ROLES) VALUES(70,'Luis Fonsi',1);
--INSERT INTO ARTISTS(ID, NAME,ID_ROLES) VALUES(71,'Jeremy Freedman',);
INSERT INTO ARTISTS(ID, NAME,ID_ROLES) VALUES(72,'Jack Patterson',1);
INSERT INTO ARTISTS(ID, NAME,ID_ROLES) VALUES(73,'Luke Patterson',5);
INSERT INTO ARTISTS(ID, NAME,ID_ROLES) VALUES(74,'Grace Chatto', 10);
INSERT INTO ARTISTS(ID, NAME,ID_ROLES) VALUES(75,'Steward Copeland',5);
INSERT INTO ARTISTS(ID, NAME,ID_ROLES) VALUES(76,'Gordon Sumner',1);
INSERT INTO ARTISTS(ID, NAME,ID_ROLES) VALUES(77,'Andy Summers',2);
INSERT INTO ARTISTS(ID, NAME,ID_ROLES) VALUES(78,'Bob Bryer',5);
INSERT INTO ARTISTS(ID, NAME,ID_ROLES) VALUES(79,'Frank Iero',12);
INSERT INTO ARTISTS(ID, NAME,ID_ROLES) VALUES(80,'Ray Toro', 12);
INSERT INTO ARTISTS(ID, NAME,ID_ROLES) VALUES(81,'Gerard Way',1);
INSERT INTO ARTISTS(ID, NAME,ID_ROLES) VALUES(82,'Mileky Way',4);
--INSERT INTO ARTISTS(ID, NAME,ID_ROLES) VALUES(83,'Guy-Manuel de Homem-Christo',);
--INSERT INTO ARTISTS(ID, NAME,ID_ROLES) VALUES(84,'Thomas Bangalter',);