----**************DANIEL**********--------

--CDs
INSERT INTO CDs(ID, NAME, ID_ARTIST, ID_LABEL, COVER, YR_OF_RLS, ID_TYPE, ID_GENRE)
VALUES (301,'Magnum Ignotum: Preludium',18,NULL,NULL,2015,1,4); 

INSERT INTO CDs(ID, NAME, ID_ARTIST, ID_LABEL, COVER, YR_OF_RLS, ID_TYPE, ID_GENRE)
VALUES (302,'Pocztówka z WWA lato 2k19',17,NULL,NULL,2019,1,6);


--Songs
INSERT INTO SONGS(ID, ID_CDs , NO_TRACK, NAME,ID_GENRE, ID_LANGUAGE_1, ID_LANGUAGE_2)
VALUES (301,301,1,'Maya',4,3,NULL);
INSERT INTO SONGS(ID, ID_CDs , NO_TRACK, NAME, ID_GENRE, ID_LANGUAGE_1, ID_LANGUAGE_2)
VALUES (302,301,2,'Brudny algorytm',4,3,NULL);
INSERT INTO SONGS(ID, ID_CDs , NO_TRACK, NAME, ID_GENRE, ID_LANGUAGE_1, ID_LANGUAGE_2)
VALUES (303,301,3,'Umarli poeci',4,3,NULL);
INSERT INTO SONGS(ID, ID_CDs , NO_TRACK, NAME, ID_GENRE, ID_LANGUAGE_1, ID_LANGUAGE_2)
VALUES (304,301,4,'Na plaży w Pourville',4,3,NULL);
INSERT INTO SONGS(ID, ID_CDs , NO_TRACK, NAME, ID_GENRE, ID_LANGUAGE_1, ID_LANGUAGE_2)
VALUES (305,301,5,'Mandala',4,3,NULL);
INSERT INTO SONGS(ID, ID_CDs , NO_TRACK, NAME, ID_GENRE, ID_LANGUAGE_1, ID_LANGUAGE_2)
VALUES (306,301,6,'Gra szklanych paciorków',4,3,NULL);
INSERT INTO SONGS(ID, ID_CDs , NO_TRACK, NAME, ID_GENRE, ID_LANGUAGE_1, ID_LANGUAGE_2)
VALUES (307,301,7,'Żyli wśród róż',4,3,NULL);
INSERT INTO SONGS(ID, ID_CDs , NO_TRACK, NAME, ID_GENRE, ID_LANGUAGE_1, ID_LANGUAGE_2)
VALUES (308,301,8,'Apartament',4,3,NULL);
INSERT INTO SONGS(ID, ID_CDs , NO_TRACK, NAME, ID_GENRE, ID_LANGUAGE_1, ID_LANGUAGE_2)
VALUES (309,301,9,'Raskolnikov',4,3,NULL);
INSERT INTO SONGS(ID, ID_CDs , NO_TRACK, NAME, ID_GENRE, ID_LANGUAGE_1, ID_LANGUAGE_2)
VALUES (310,301,10,'451° Farenheita',4,3,NULL);
INSERT INTO SONGS(ID, ID_CDs , NO_TRACK, NAME, ID_GENRE, ID_LANGUAGE_1, ID_LANGUAGE_2)
VALUES (311,301,11,'Za legalizacjom',4,3,NULL);
INSERT INTO SONGS(ID, ID_CDs , NO_TRACK, NAME, ID_GENRE, ID_LANGUAGE_1, ID_LANGUAGE_2)
VALUES (312,301,12,'Ikar',4,3,NULL);
INSERT INTO SONGS(ID, ID_CDs , NO_TRACK, NAME, ID_GENRE, ID_LANGUAGE_1, ID_LANGUAGE_2)
VALUES (313,301,13,'Reflektory',4,3,NULL);
INSERT INTO SONGS(ID, ID_CDs , NO_TRACK, NAME, ID_GENRE, ID_LANGUAGE_1, ID_LANGUAGE_2)
VALUES (314,301,14,'Na hali',4,3,NULL);

INSERT INTO SONGS(ID, ID_CDs , NO_TRACK, NAME, DURATION_M, ID_GENRE, ID_LANGUAGE_1, ID_LANGUAGE_2)
VALUES (315,302,1,'Człowiek z dziurą zamiast krtani',NULL,6,3,NULL);
INSERT INTO SONGS(ID, ID_CDs , NO_TRACK, NAME, DURATION_M, ID_GENRE, ID_LANGUAGE_1, ID_LANGUAGE_2)
VALUES (316,302,2,'Antysmogowa maska w moim carry-on baggage',NULL,6,3,1);
INSERT INTO SONGS(ID, ID_CDs , NO_TRACK, NAME, DURATION_M, ID_GENRE, ID_LANGUAGE_1, ID_LANGUAGE_2)
VALUES (317,302,3,'Leci nowy Future',NULL,6,3,NULL);
INSERT INTO SONGS(ID, ID_CDs , NO_TRACK, NAME, DURATION_M, ID_GENRE, ID_LANGUAGE_1, ID_LANGUAGE_2)
VALUES (318,302,4,'W piątki leżę w wannie',NULL,6,3,NULL);
INSERT INTO SONGS(ID, ID_CDs , NO_TRACK, NAME, DURATION_M, ID_GENRE, ID_LANGUAGE_1, ID_LANGUAGE_2)
VALUES (319,302,5,'WWA VHS',NULL,6,3,NULL);
INSERT INTO SONGS(ID, ID_CDs , NO_TRACK, NAME, DURATION_M, ID_GENRE, ID_LANGUAGE_1, ID_LANGUAGE_2)
VALUES (320,302,6,'Wytrawne (z nutą desperacji)',NULL,6,3,NULL);
INSERT INTO SONGS(ID, ID_CDs , NO_TRACK, NAME, DURATION_M, ID_GENRE, ID_LANGUAGE_1, ID_LANGUAGE_2)
VALUES (321,302,7,'Wujek dobra rada',NULL,6,3,NULL);
INSERT INTO SONGS(ID, ID_CDs , NO_TRACK, NAME, DURATION_M, ID_GENRE, ID_LANGUAGE_1, ID_LANGUAGE_2)
VALUES (322,302,8,'Tijuana',NULL,6,3,NULL);
INSERT INTO SONGS(ID, ID_CDs , NO_TRACK, NAME, DURATION_M, ID_GENRE, ID_LANGUAGE_1, ID_LANGUAGE_2)
VALUES (323,302,9,'Sanatorium',NULL,6,3,NULL);
INSERT INTO SONGS(ID, ID_CDs , NO_TRACK, NAME, DURATION_M, ID_GENRE, ID_LANGUAGE_1, ID_LANGUAGE_2)
VALUES (324,302,10,'Alert RCB',NULL,6,3,NULL);
INSERT INTO SONGS(ID, ID_CDs , NO_TRACK, NAME, DURATION_M, ID_GENRE, ID_LANGUAGE_1, ID_LANGUAGE_2)
VALUES (325,302,11,'Kabriolety',NULL,6,3,NULL);


--Authors
INSERT INTO AUTHORS(ID, ID_BAND, ID_ARTIST, ID_SONG, ID_ROLES, NOTES)
VALUES (301,NULL,18,301,NULL,NULL);
INSERT INTO AUTHORS(ID, ID_BAND, ID_ARTIST, ID_SONG, ID_ROLES, NOTES)
VALUES (302,NULL,18,302,NULL,NULL);
INSERT INTO AUTHORS(ID, ID_BAND, ID_ARTIST, ID_SONG, ID_ROLES, NOTES)
VALUES (303,NULL,18,303,NULL,NULL);
INSERT INTO AUTHORS(ID, ID_BAND, ID_ARTIST, ID_SONG, ID_ROLES, NOTES)
VALUES (304,NULL,18,304,NULL,NULL);
INSERT INTO AUTHORS(ID, ID_BAND, ID_ARTIST, ID_SONG, ID_ROLES, NOTES)
VALUES (305,NULL,18,305,NULL,NULL);
INSERT INTO AUTHORS(ID, ID_BAND, ID_ARTIST, ID_SONG, ID_ROLES, NOTES)
VALUES (306,NULL,18,306,NULL,NULL);
INSERT INTO AUTHORS(ID, ID_BAND, ID_ARTIST, ID_SONG, ID_ROLES, NOTES)
VALUES (307,NULL,18,307,NULL,NULL);
INSERT INTO AUTHORS(ID, ID_BAND, ID_ARTIST, ID_SONG, ID_ROLES, NOTES)
VALUES (308,NULL,18,308,NULL,NULL);
INSERT INTO AUTHORS(ID, ID_BAND, ID_ARTIST, ID_SONG, ID_ROLES, NOTES)
VALUES (309,NULL,18,309,NULL,NULL);
INSERT INTO AUTHORS(ID, ID_BAND, ID_ARTIST, ID_SONG, ID_ROLES, NOTES)
VALUES (310,NULL,18,310,NULL,NULL);
INSERT INTO AUTHORS(ID, ID_BAND, ID_ARTIST, ID_SONG, ID_ROLES, NOTES)
VALUES (311,NULL,18,311,NULL,NULL);
INSERT INTO AUTHORS(ID, ID_BAND, ID_ARTIST, ID_SONG, ID_ROLES, NOTES)
VALUES (312,NULL,18,312,NULL,NULL);
INSERT INTO AUTHORS(ID, ID_BAND, ID_ARTIST, ID_SONG, ID_ROLES, NOTES)
VALUES (313,NULL,18,313,NULL,NULL);
INSERT INTO AUTHORS(ID, ID_BAND, ID_ARTIST, ID_SONG, ID_ROLES, NOTES)
VALUES (314,NULL,18,314,NULL,NULL);

INSERT INTO AUTHORS(ID, ID_BAND, ID_ARTIST, ID_SONG, ID_ROLES, NOTES)
VALUES (315,NULL,17,315,NULL,NULL);
INSERT INTO AUTHORS(ID, ID_BAND, ID_ARTIST, ID_SONG, ID_ROLES, NOTES)
VALUES (316,NULL,17,316,NULL,NULL);
INSERT INTO AUTHORS(ID, ID_BAND, ID_ARTIST, ID_SONG, ID_ROLES, NOTES)
VALUES (317,NULL,17,317,NULL,NULL);
INSERT INTO AUTHORS(ID, ID_BAND, ID_ARTIST, ID_SONG, ID_ROLES, NOTES)
VALUES (318,NULL,17,318,NULL,NULL);
INSERT INTO AUTHORS(ID, ID_BAND, ID_ARTIST, ID_SONG, ID_ROLES, NOTES)
VALUES (319,NULL,17,319,NULL,NULL);
INSERT INTO AUTHORS(ID, ID_BAND, ID_ARTIST, ID_SONG, ID_ROLES, NOTES)
VALUES (320,NULL,17,320,NULL,NULL);
INSERT INTO AUTHORS(ID, ID_BAND, ID_ARTIST, ID_SONG, ID_ROLES, NOTES)
VALUES (321,NULL,17,321,NULL,NULL);
INSERT INTO AUTHORS(ID, ID_BAND, ID_ARTIST, ID_SONG, ID_ROLES, NOTES)
VALUES (322,NULL,17,322,NULL,NULL);
INSERT INTO AUTHORS(ID, ID_BAND, ID_ARTIST, ID_SONG, ID_ROLES, NOTES)
VALUES (323,NULL,17,323,NULL,NULL);
INSERT INTO AUTHORS(ID, ID_BAND, ID_ARTIST, ID_SONG, ID_ROLES, NOTES)
VALUES (324,NULL,17,324,NULL,NULL);
INSERT INTO AUTHORS(ID, ID_BAND, ID_ARTIST, ID_SONG, ID_ROLES, NOTES)
VALUES (325,NULL,17,325,NULL,NULL);
--mateusz
INSERT INTO CDs(ID, NAME, ID_ARTIST, ID_LABEL, COVER, YR_OF_RLS, ID_TYPE, ID_GENRE)
VALUES(500, 'Evolve', 16, 3, NULL, 2017, 1, 3);
INSERT INTO CDs(ID, NAME, ID_ARTIST, ID_LABEL, COVER, YR_OF_RLS, ID_TYPE, ID_GENRE)
VALUES(501, 'Origins', 16, 3, NULL, 2018, 1, 3);
INSERT INTO CDs(ID, NAME, ID_ARTIST, ID_LABEL, COVER, YR_OF_RLS, ID_TYPE, ID_GENRE)
VALUES(502, 'Living Things', 63, 1, NULL, 2012, 1, 3);

INSERT INTO Songs(ID, ID_CDs, NO_TRACK, NAME, DURATION_M, DURATION_S, ID_GENRE, ID_LANGUAGE_1)
VALUES(500, 500, 1, 'I Don*t know why', 3, 10, NULL, 1);
INSERT INTO Songs(ID, ID_CDs, NO_TRACK, NAME, DURATION_M, DURATION_S, ID_GENRE, ID_LANGUAGE_1)
VALUES(501, 500, 2, 'Whatever It Takes', 3, 21, NULL, 1);
INSERT INTO Songs(ID, ID_CDs, NO_TRACK, NAME, DURATION_M, DURATION_S, ID_GENRE, ID_LANGUAGE_1)
VALUES(502, 500, 3, 'Believer', 3, 24, NULL, 1);
INSERT INTO Songs(ID, ID_CDs, NO_TRACK, NAME, DURATION_M, DURATION_S, ID_GENRE, ID_LANGUAGE_1)
VALUES(503, 500, 4, 'Walking the Wire', 3, 52, NULL, 1);
INSERT INTO Songs(ID, ID_CDs, NO_TRACK, NAME, DURATION_M, DURATION_S, ID_GENRE, ID_LANGUAGE_1)
VALUES(504, 500, 5, 'Rise Up', 3, 51, NULL, 1);
INSERT INTO Songs(ID, ID_CDs, NO_TRACK, NAME, DURATION_M, DURATION_S, ID_GENRE, ID_LANGUAGE_1)
VALUES(505, 500, 6, 'I*ll Make It Up to You', 4, 22, NULL, 1);
INSERT INTO Songs(ID, ID_CDs, NO_TRACK, NAME, DURATION_M, DURATION_S, ID_GENRE, ID_LANGUAGE_1)
VALUES(506, 500, 7, 'Yesterday', 3, 25, NULL 1);
INSERT INTO Songs(ID, ID_CDs, NO_TRACK, NAME, DURATION_M, DURATION_S, ID_GENRE, ID_LANGUAGE_1)
VALUES(507, 500, 8, 'Mouth of the River', 3, 41, NULL, 1);
INSERT INTO Songs(ID, ID_CDs, NO_TRACK, NAME, DURATION_M, DURATION_S, ID_GENRE, ID_LANGUAGE_1)
VALUES(508, 500, 9, 'Thunder', 3, 07, NULL, 1);
INSERT INTO Songs(ID, ID_CDs, NO_TRACK, NAME, DURATION_M, DURATION_S, ID_GENRE, ID_LANGUAGE_1)
VALUES(509, 500, 10, 'Start Over', 3, 06, NULL, 1);
INSERT INTO Songs(ID, ID_CDs, NO_TRACK, NAME, DURATION_M, DURATION_S, ID_GENRE, ID_LANGUAGE_1)
VALUES(510, 500, 11, 'Dancing in the Dark', 3, 53, NULL, 1);

INSERT INTO Songs(ID, ID_CDs, NO_TRACK, NAME, DURATION_M, DURATION_S, ID_GENRE, ID_LANGUAGE_1)
VALUES(511, 501, 1, 'Natural', 3, 09, NULL, 1);
INSERT INTO Songs(ID, ID_CDs, NO_TRACK, NAME, DURATION_M, DURATION_S, ID_GENRE, ID_LANGUAGE_1)
VALUES(512, 501, 2, 'Boomerang', 3, 07, NULL, 1);
INSERT INTO Songs(ID, ID_CDs, NO_TRACK, NAME, DURATION_M, DURATION_S, ID_GENRE, ID_LANGUAGE_1)
VALUES(513, 501, 3, 'Machine', 3, 01, NULL, 1);
INSERT INTO Songs(ID, ID_CDs, NO_TRACK, NAME, DURATION_M, DURATION_S, ID_GENRE, ID_LANGUAGE_1)
VALUES(514, 501, 4, 'Cool Out', 3, 37, NULL, 1);
INSERT INTO Songs(ID, ID_CDs, NO_TRACK, NAME, DURATION_M, DURATION_S, ID_GENRE, ID_LANGUAGE_1)
VALUES(515, 501, 5, 'Bad Liar', 4, 20, NULL, 1);
INSERT INTO Songs(ID, ID_CDs, NO_TRACK, NAME, DURATION_M, DURATION_S, ID_GENRE, ID_LANGUAGE_1)
VALUES(516, 501, 6, 'West Coast', 3, 37, NULL, 1);
INSERT INTO Songs(ID, ID_CDs, NO_TRACK, NAME, DURATION_M, DURATION_S, ID_GENRE, ID_LANGUAGE_1)
VALUES(517, 501, 7, 'Zero', 3, 24, NULL, 1);
INSERT INTO Songs(ID, ID_CDs, NO_TRACK, NAME, DURATION_M, DURATION_S, ID_GENRE, ID_LANGUAGE_1)
VALUES(518, 501, 8, 'Bullet in a Gun', 3, 09, NULL, 1);
INSERT INTO Songs(ID, ID_CDs, NO_TRACK, NAME, DURATION_M, DURATION_S, ID_GENRE, ID_LANGUAGE_1)
VALUES(519, 501, 9, 'Only', 3, 09, NULL, 1);
INSERT INTO Songs(ID, ID_CDs, NO_TRACK, NAME, DURATION_M, DURATION_S, ID_GENRE, ID_LANGUAGE_1)
VALUES(520, 501, 10, 'Digital', 3, 09, NULL, 1);
INSERT INTO Songs(ID, ID_CDs, NO_TRACK, NAME, DURATION_M, DURATION_S, ID_GENRE, ID_LANGUAGE_1)
VALUES(521, 501, 11, 'Stuck', 3, 09, NULL, 1);
INSERT INTO Songs(ID, ID_CDs, NO_TRACK, NAME, DURATION_M, DURATION_S, ID_GENRE, ID_LANGUAGE_1)
VALUES(522, 501, 12, 'Love', 3, 09, NULL, 1);

INSERT INTO Songs(ID, ID_CDs, NO_TRACK, NAME, DURATION_M, DURATION_S, ID_GENRE, ID_LANGUAGE_1)
VALUES(523, 502, 1, 'Lost in the Echo', 3, 25, 1, 1);
INSERT INTO Songs(ID, ID_CDs, NO_TRACK, NAME, DURATION_M, DURATION_S, ID_GENRE, ID_LANGUAGE_1)
VALUES(524, 502, 2, 'In My Remains', 3, 20, 1, 1);
INSERT INTO Songs(ID, ID_CDs, NO_TRACK, NAME, DURATION_M, DURATION_S, ID_GENRE, ID_LANGUAGE_1)
VALUES(525, 502, 3, 'Burn It Down', 3, 50, 1, 1);
INSERT INTO Songs(ID, ID_CDs, NO_TRACK, NAME, DURATION_M, DURATION_S, ID_GENRE, ID_LANGUAGE_1)
VALUES(526, 502, 4, 'Lies Greed Misery', 2, 26, 1, 1);
INSERT INTO Songs(ID, ID_CDs, NO_TRACK, NAME, DURATION_M, DURATION_S, ID_GENRE, ID_LANGUAGE_1)
VALUES(527, 502, 5, 'I*ll Be Gone', 3, 31, 1, 1);
INSERT INTO Songs(ID, ID_CDs, NO_TRACK, NAME, DURATION_M, DURATION_S, ID_GENRE, ID_LANGUAGE_1)
VALUES(528, 502, 6, 'Castle of Glass ', 3, 25, 1, 1);
INSERT INTO Songs(ID, ID_CDs, NO_TRACK, NAME, DURATION_M, DURATION_S, ID_GENRE, ID_LANGUAGE_1)
VALUES(529, 502, 7, 'Victimized ', 1, 46, 1, 1);
INSERT INTO Songs(ID, ID_CDs, NO_TRACK, NAME, DURATION_M, DURATION_S, ID_GENRE, ID_LANGUAGE_1)
VALUES(530, 502, 8, 'Roads Untraveled ', 3, 49, 1, 1);
INSERT INTO Songs(ID, ID_CDs, NO_TRACK, NAME, DURATION_M, DURATION_S, ID_GENRE, ID_LANGUAGE_1)
VALUES(528, 502, 9, 'Skin To Bone ', 2, 48, 1, 1);
INSERT INTO Songs(ID, ID_CDs, NO_TRACK, NAME, DURATION_M, DURATION_S, ID_GENRE, ID_LANGUAGE_1)
VALUES(531, 502, 10, 'Until It Brakes ', 3, 43, 1, 1);
INSERT INTO Songs(ID, ID_CDs, NO_TRACK, NAME, DURATION_M, DURATION_S, ID_GENRE, ID_LANGUAGE_1)
VALUES(532, 502, 11, 'Tinfoil ', 1, 11, 1, 1);
INSERT INTO Songs(ID, ID_CDs, NO_TRACK, NAME, DURATION_M, DURATION_S, ID_GENRE, ID_LANGUAGE_1)
VALUES(533, 502, 12, 'Powerless ', 3, 44, 1, 1);

INSERT INTO Authors(ID, ID_BAND, ID_ARTIST, ID_SONG, ID_ROLES, NOTES)
VALUES(500, 3, 36, 500, 4, NULL);
INSERT INTO Authors(ID, ID_BAND, ID_ARTIST, ID_SONG, ID_ROLES, NOTES)
VALUES(501, 3, 37, 500, 5, NULL);
INSERT INTO Authors(ID, ID_BAND, ID_ARTIST, ID_SONG, ID_ROLES, NOTES)
VALUES(502, 3, 38, 500, 2, NULL); 

INSERT INTO Authors(ID, ID_BAND, ID_ARTIST, ID_SONG, ID_ROLES, NOTES)
VALUES(503, 3, 36, 501, 4, NULL);
INSERT INTO Authors(ID, ID_BAND, ID_ARTIST, ID_SONG, ID_ROLES, NOTES)
VALUES(504, 3, 37, 501, 5, NULL);
INSERT INTO Authors(ID, ID_BAND, ID_ARTIST, ID_SONG, ID_ROLES, NOTES)
VALUES(505, 3, 38, 501, 2, NULL);

INSERT INTO Authors(ID, ID_BAND, ID_ARTIST, ID_SONG, ID_ROLES, NOTES)
VALUES(506, 3, 36, 502, 4, NULL);
INSERT INTO Authors(ID, ID_BAND, ID_ARTIST, ID_SONG, ID_ROLES, NOTES)
VALUES(507, 3, 37, 502, 5, NULL);
INSERT INTO Authors(ID, ID_BAND, ID_ARTIST, ID_SONG, ID_ROLES, NOTES)
VALUES(508, 3, 38, 502, 2, NULL);

INSERT INTO Authors(ID, ID_BAND, ID_ARTIST, ID_SONG, ID_ROLES, NOTES)
VALUES(509, 3, 36, 503, 4, NULL);
INSERT INTO Authors(ID, ID_BAND, ID_ARTIST, ID_SONG, ID_ROLES, NOTES)
VALUES(510, 3, 37, 503, 5, NULL);
INSERT INTO Authors(ID, ID_BAND, ID_ARTIST, ID_SONG, ID_ROLES, NOTES)
VALUES(511, 3, 38, 503, 2, NULL);

INSERT INTO Authors(ID, ID_BAND, ID_ARTIST, ID_SONG, ID_ROLES, NOTES)
VALUES(512, 3, 36, 504, 4, NULL);
INSERT INTO Authors(ID, ID_BAND, ID_ARTIST, ID_SONG, ID_ROLES, NOTES)
VALUES(513, 3, 37, 504, 5, NULL);
INSERT INTO Authors(ID, ID_BAND, ID_ARTIST, ID_SONG, ID_ROLES, NOTES)
VALUES(514, 3, 38, 504, 2, NULL);

INSERT INTO Authors(ID, ID_BAND, ID_ARTIST, ID_SONG, ID_ROLES, NOTES)
VALUES(515, 3, 36, 505, 4, NULL);
INSERT INTO Authors(ID, ID_BAND, ID_ARTIST, ID_SONG, ID_ROLES, NOTES)
VALUES(516, 3, 37, 505, 5, NULL);
INSERT INTO Authors(ID, ID_BAND, ID_ARTIST, ID_SONG, ID_ROLES, NOTES)
VALUES(517, 3, 38, 505, 2, NULL);

INSERT INTO Authors(ID, ID_BAND, ID_ARTIST, ID_SONG, ID_ROLES, NOTES)
VALUES(518, 3, 36, 506, 4, NULL);
INSERT INTO Authors(ID, ID_BAND, ID_ARTIST, ID_SONG, ID_ROLES, NOTES)
VALUES(519, 3, 37, 506, 5, NULL);
INSERT INTO Authors(ID, ID_BAND, ID_ARTIST, ID_SONG, ID_ROLES, NOTES)
VALUES(520, 3, 38, 506, 2, NULL);

INSERT INTO Authors(ID, ID_BAND, ID_ARTIST, ID_SONG, ID_ROLES, NOTES)
VALUES(521, 3, 36, 507, 4, NULL);
INSERT INTO Authors(ID, ID_BAND, ID_ARTIST, ID_SONG, ID_ROLES, NOTES)
VALUES(522, 3, 37, 507, 5, NULL);
INSERT INTO Authors(ID, ID_BAND, ID_ARTIST, ID_SONG, ID_ROLES, NOTES)
VALUES(523, 3, 38, 507, 2, NULL);

INSERT INTO Authors(ID, ID_BAND, ID_ARTIST, ID_SONG, ID_ROLES, NOTES)
VALUES(524, 3, 36, 508, 4, NULL);
INSERT INTO Authors(ID, ID_BAND, ID_ARTIST, ID_SONG, ID_ROLES, NOTES)
VALUES(525, 3, 37, 508, 5, NULL);
INSERT INTO Authors(ID, ID_BAND, ID_ARTIST, ID_SONG, ID_ROLES, NOTES)
VALUES(526, 3, 38, 508, 2, NULL);

INSERT INTO Authors(ID, ID_BAND, ID_ARTIST, ID_SONG, ID_ROLES, NOTES)
VALUES(527, 3, 36, 509, 4, NULL);
INSERT INTO Authors(ID, ID_BAND, ID_ARTIST, ID_SONG, ID_ROLES, NOTES)
VALUES(528, 3, 37, 509, 5, NULL);
INSERT INTO Authors(ID, ID_BAND, ID_ARTIST, ID_SONG, ID_ROLES, NOTES)
VALUES(529, 3, 38, 509, 2, NULL);

INSERT INTO Authors(ID, ID_BAND, ID_ARTIST, ID_SONG, ID_ROLES, NOTES)
VALUES(530, 3, 36, 510, 4, NULL);
INSERT INTO Authors(ID, ID_BAND, ID_ARTIST, ID_SONG, ID_ROLES, NOTES)
VALUES(531, 3, 37, 510, 5, NULL);
INSERT INTO Authors(ID, ID_BAND, ID_ARTIST, ID_SONG, ID_ROLES, NOTES)
VALUES(532, 3, 38, 510, 2, NULL);

INSERT INTO Authors(ID, ID_BAND, ID_ARTIST, ID_SONG, ID_ROLES, NOTES)
VALUES(533, 13, 63, 523, 1, NULL);
INSERT INTO Authors(ID, ID_BAND, ID_ARTIST, ID_SONG, ID_ROLES, NOTES)
VALUES(534, 13, 64, 523, 5, NULL);
INSERT INTO Authors(ID, ID_BAND, ID_ARTIST, ID_SONG, ID_ROLES, NOTES)
VALUES(535, 13, 65, 523, 12, NULL);
INSERT INTO Authors(ID, ID_BAND, ID_ARTIST, ID_SONG, ID_ROLES, NOTES)
VALUES(536, 13, 66, 523, 4, NULL);
INSERT INTO Authors(ID, ID_BAND, ID_ARTIST, ID_SONG, ID_ROLES, NOTES)
VALUES(537, 13, 67, 523, 18, NULL);
INSERT INTO Authors(ID, ID_BAND, ID_ARTIST, ID_SONG, ID_ROLES, NOTES)
VALUES(538, 13, 68, 523, 6, NULL);

INSERT INTO Authors(ID, ID_BAND, ID_ARTIST, ID_SONG, ID_ROLES, NOTES)
VALUES(539, 13, 63, 524, 1, NULL);
INSERT INTO Authors(ID, ID_BAND, ID_ARTIST, ID_SONG, ID_ROLES, NOTES)
VALUES(540, 13, 64, 524, 5, NULL);
INSERT INTO Authors(ID, ID_BAND, ID_ARTIST, ID_SONG, ID_ROLES, NOTES)
VALUES(541, 13, 65, 524, 12, NULL);
INSERT INTO Authors(ID, ID_BAND, ID_ARTIST, ID_SONG, ID_ROLES, NOTES)
VALUES(542, 13, 66, 524, 4, NULL);
INSERT INTO Authors(ID, ID_BAND, ID_ARTIST, ID_SONG, ID_ROLES, NOTES)
VALUES(543, 13, 67, 524, 18, NULL);
INSERT INTO Authors(ID, ID_BAND, ID_ARTIST, ID_SONG, ID_ROLES, NOTES)
VALUES(544, 13, 68, 524, 6, NULL);

INSERT INTO Authors(ID, ID_BAND, ID_ARTIST, ID_SONG, ID_ROLES, NOTES)
VALUES(545, 13, 63, 525, 1, NULL);
INSERT INTO Authors(ID, ID_BAND, ID_ARTIST, ID_SONG, ID_ROLES, NOTES)
VALUES(546, 13, 64, 525, 5, NULL);
INSERT INTO Authors(ID, ID_BAND, ID_ARTIST, ID_SONG, ID_ROLES, NOTES)
VALUES(547, 13, 65, 525, 12, NULL);
INSERT INTO Authors(ID, ID_BAND, ID_ARTIST, ID_SONG, ID_ROLES, NOTES)
VALUES(548, 13, 66, 525, 4, NULL);
INSERT INTO Authors(ID, ID_BAND, ID_ARTIST, ID_SONG, ID_ROLES, NOTES)
VALUES(549, 13, 67, 525, 18, NULL);
INSERT INTO Authors(ID, ID_BAND, ID_ARTIST, ID_SONG, ID_ROLES, NOTES)
VALUES(550, 13, 68, 525, 6, NULL);

INSERT INTO Authors(ID, ID_BAND, ID_ARTIST, ID_SONG, ID_ROLES, NOTES)
VALUES(551, 13, 63, 526, 1, NULL);
INSERT INTO Authors(ID, ID_BAND, ID_ARTIST, ID_SONG, ID_ROLES, NOTES)
VALUES(552, 13, 64, 526, 5, NULL);
INSERT INTO Authors(ID, ID_BAND, ID_ARTIST, ID_SONG, ID_ROLES, NOTES)
VALUES(553, 13, 65, 526, 12, NULL);
INSERT INTO Authors(ID, ID_BAND, ID_ARTIST, ID_SONG, ID_ROLES, NOTES)
VALUES(554, 13, 66, 526, 4, NULL);
INSERT INTO Authors(ID, ID_BAND, ID_ARTIST, ID_SONG, ID_ROLES, NOTES)
VALUES(555, 13, 67, 526, 18, NULL);
INSERT INTO Authors(ID, ID_BAND, ID_ARTIST, ID_SONG, ID_ROLES, NOTES)
VALUES(556, 13, 68, 526, 6, NULL);

INSERT INTO Authors(ID, ID_BAND, ID_ARTIST, ID_SONG, ID_ROLES, NOTES)
VALUES(557, 13, 63, 527, 1, NULL);
INSERT INTO Authors(ID, ID_BAND, ID_ARTIST, ID_SONG, ID_ROLES, NOTES)
VALUES(558, 13, 64, 527, 5, NULL);
INSERT INTO Authors(ID, ID_BAND, ID_ARTIST, ID_SONG, ID_ROLES, NOTES)
VALUES(559, 13, 65, 527, 12, NULL);
INSERT INTO Authors(ID, ID_BAND, ID_ARTIST, ID_SONG, ID_ROLES, NOTES)
VALUES(560, 13, 66, 527, 4, NULL);
INSERT INTO Authors(ID, ID_BAND, ID_ARTIST, ID_SONG, ID_ROLES, NOTES)
VALUES(561, 13, 67, 527, 18, NULL);
INSERT INTO Authors(ID, ID_BAND, ID_ARTIST, ID_SONG, ID_ROLES, NOTES)
VALUES(561, 13, 68, 527, 6, NULL);

INSERT INTO Authors(ID, ID_BAND, ID_ARTIST, ID_SONG, ID_ROLES, NOTES)
VALUES(562, 13, 63, 528, 1, NULL);
INSERT INTO Authors(ID, ID_BAND, ID_ARTIST, ID_SONG, ID_ROLES, NOTES)
VALUES(563, 13, 64, 528, 5, NULL);
INSERT INTO Authors(ID, ID_BAND, ID_ARTIST, ID_SONG, ID_ROLES, NOTES)
VALUES(564, 13, 65, 528, 12, NULL);
INSERT INTO Authors(ID, ID_BAND, ID_ARTIST, ID_SONG, ID_ROLES, NOTES)
VALUES(565, 13, 66, 528, 4, NULL);
INSERT INTO Authors(ID, ID_BAND, ID_ARTIST, ID_SONG, ID_ROLES, NOTES)
VALUES(566, 13, 67, 528, 18, NULL);
INSERT INTO Authors(ID, ID_BAND, ID_ARTIST, ID_SONG, ID_ROLES, NOTES)
VALUES(567, 13, 68, 528, 6, NULL);


  
